club_team_id,club_name,club_url
33,1860 München,https://www.thesportsdb.com/images/media/team/badge/qswryx1426865301.png/small
115487,9 de Octubre,https://www.thesportsdb.com/images/media/team/badge/yulnk21579989339.png/small
112585,Ñublense,https://www.thesportsdb.com/images/media/team/badge/0jpiwm1610649915.png/small
101014,İstanbul Başakşehir,https://www.thesportsdb.com/images/media/team/badge/895mqt1685993958.png/small
746,İstanbulspor,https://www.thesportsdb.com/images/media/team/badge/d46tgg1714571615.png/small
820,AaB,https://www.thesportsdb.com/images/media/team/badge/vtwqwt1473535469.png/small
1755,Aalesund,https://www.thesportsdb.com/images/media/team/badge/s1br7q1602448285.png/small
77,Aberdeen,https://www.thesportsdb.com/images/media/team/badge/xuvwys1447597299.png/small
113058,Abha,https://www.thesportsdb.com/images/media/team/badge/e00pwe1677530619.png/small
110313,Accrington Stanley,https://www.thesportsdb.com/images/media/team/badge/iefd1m1689629956.png/small
101016,Adana Demirspor,https://www.thesportsdb.com/images/media/team/badge/hewt221626264325.png/small
111393,Adelaide United,https://www.thesportsdb.com/images/media/team/badge/wpyuwv1473454602.png/small
278,AEK Athens,https://www.thesportsdb.com/images/media/team/badge/k2m59j1637477620.png/small
1943,AFC Bournemouth,https://www.thesportsdb.com/images/media/team/badge/y08nak1534071116.png/small
112259,AFC Wimbledon,https://www.thesportsdb.com/images/media/team/badge/md7iqx1684129667.png/small
271,AGF,https://www.thesportsdb.com/images/media/team/badge/vxuuts1473535487.png/small
433,AIK,https://www.thesportsdb.com/images/media/team/badge/rwsrxq1420769503.png/small
614,Ajaccio,https://www.thesportsdb.com/images/media/team/badge/0ikdv61709214400.png/small
245,Ajax,https://www.thesportsdb.com/images/media/team/badge/uvzy1d1721297408.png/small
113345,Al Adalh,https://www.thesportsdb.com/images/media/team/badge/l64quu1723610337.png/small
111701,Al Ain,https://www.thesportsdb.com/images/media/team/badge/y1cbqi1578856943.png/small
112990,Al Batin,https://www.thesportsdb.com/images/media/team/badge/lu34cz1635870900.png/small
112390,Al Fateh,https://www.thesportsdb.com/images/media/team/badge/a5cjf41662659789.png/small
113057,Al Feiha,https://www.thesportsdb.com/images/media/team/badge/jl3spp1677530565.png/small
605,Al Hilal,https://www.thesportsdb.com/images/media/team/badge/w0b80d1661656916.png/small
112096,Al Ittifaq,https://www.thesportsdb.com/images/media/team/badge/tddmm01674615100.png/small
607,Al Ittihad,https://www.thesportsdb.com/images/media/team/badge/zrs4e11693025293.png/small
112883,Al Khaleej,https://www.thesportsdb.com/images/media/team/badge/kiqcvh1676213514.png/small
112139,Al Nassr,https://www.thesportsdb.com/images/media/team/badge/9cyok11630591314.png/small
112392,Al Raed,https://www.thesportsdb.com/images/media/team/badge/9vkdcc1677530862.png/small
111674,Al Shabab,https://www.thesportsdb.com/images/media/team/badge/l64quu1723610337.png/small
112393,Al Taawon,https://www.thesportsdb.com/images/media/team/badge/rlsmp91646835052.png/small
112572,Al Tai,https://www.thesportsdb.com/images/media/team/badge/l64quu1723610337.png/small
112408,Al Wahda,https://www.thesportsdb.com/images/media/team/badge/99xc7w1578858847.png/small
113142,Alanyaspor,https://www.thesportsdb.com/images/media/team/badge/9fr3071601667898.png/small
1854,Albacete,https://www.thesportsdb.com/images/media/team/badge/17oqja1616436316.png/small
111707,Aldosivi,https://www.thesportsdb.com/images/media/team/badge/nqrjqb1517767667.png/small
111010,Alianza Lima,https://www.thesportsdb.com/images/media/team/badge/y5wov41580040189.png/small
1861,Almería,https://www.thesportsdb.com/images/media/team/badge/yswsww1473503818.png/small
114577,Always Ready,https://www.thesportsdb.com/images/media/team/badge/g7rlnw1618943620.png/small
101099,América de Cali,https://www.thesportsdb.com/images/media/team/badge/lwxcn71576156105.png/small
112001,América Mineiro,https://www.thesportsdb.com/images/media/team/badge/dsr3yb1646600492.png/small
1816,Amiens SC,https://www.thesportsdb.com/images/media/team/badge/nwgget1656423507.png/small
229,Anderlecht,https://www.thesportsdb.com/images/media/team/badge/blk65s1691182512.png/small
1530,Angers SCO,https://www.thesportsdb.com/images/media/team/badge/wxvz7z1625965667.png/small
101007,Ankaragücü,https://www.thesportsdb.com/images/media/team/badge/ds85xb1601668748.png/small
115494,Annecy,https://www.thesportsdb.com/images/media/team/badge/h6981f1655120883.png/small
741,Antalyaspor,https://www.thesportsdb.com/images/media/team/badge/vqoral1601669436.png/small
112533,Antofagasta,https://www.thesportsdb.com/images/media/team/badge/01yji51602188105.png/small
230,Antwerp,https://www.thesportsdb.com/images/media/team/badge/gawwcf1691182178.png/small
113796,Ümraniyespor,https://www.thesportsdb.com/images/media/team/badge/wpi9qz1580847576.png/small
100135,APOEL,https://www.thesportsdb.com/images/media/team/badge/ccra6l1579035947.png/small
100759,Argeş,https://www.thesportsdb.com/images/media/team/badge/vjy06i1580765128.png/small
111019,Argentinos Juniors,https://www.thesportsdb.com/images/media/team/badge/me7a601580842569.png/small
112513,Arouca,https://www.thesportsdb.com/images/media/team/badge/vgbzjq1628853833.png/small
1,Arsenal,https://www.thesportsdb.com/images/media/team/badge/uyhbfe1612467038.png/small
110394,Arsenal de Sarandi,https://www.thesportsdb.com/images/media/team/badge/t5yzu71580842576.png/small
2013,AS Eupen,https://www.thesportsdb.com/images/media/team/badge/tyvrty1464539199.png/small
1847,Ascoli,https://www.thesportsdb.com/images/media/team/badge/mi2bsf1579708272.png/small
111092,Śląsk Wrocław,https://www.thesportsdb.com/images/media/team/badge/vvvryp1448219776.png/small
2,Aston Villa,https://www.thesportsdb.com/images/media/team/badge/jykrpv1717309891.png/small
39,Atalanta,https://www.thesportsdb.com/images/media/team/badge/lrvxg71534873930.png/small
448,Athletic Club,https://www.thesportsdb.com/images/media/team/badge/y4dp9v1641554845.png/small
1039,Athletico PR,https://www.thesportsdb.com/images/media/team/badge/218p631699892788.png/small
113146,ATK Mohun Bagan,https://www.thesportsdb.com/images/media/team/badge/g3zmfx1694438403.png/small
112119,Atlético GO,https://www.thesportsdb.com/images/media/team/badge/0ulh3q1719984315.png/small
240,Atlético Madrid,https://www.thesportsdb.com/images/media/team/badge/0ulh3q1719984315.png/small
1035,Atlético Mineiro,https://www.thesportsdb.com/images/media/team/badge/dsr3yb1646600492.png/small
101100,Atlético Nacional,https://www.thesportsdb.com/images/media/team/badge/efl4o41576157720.png/small
111708,Atlético Tucumán,https://www.thesportsdb.com/images/media/team/badge/sqvwxw1471876021.png/small
112885,Atlanta United,https://www.thesportsdb.com/images/media/team/badge/ej091x1602103070.png/small
114161,Austin,https://www.thesportsdb.com/images/media/team/badge/uprptt1423351492.png/small
1787,Austria Klagenfurt,https://www.thesportsdb.com/images/media/team/badge/gbm0f61583516524.png/small
781,Austria Lustenau,https://www.thesportsdb.com/images/media/team/badge/v1cf6v1583516534.png/small
256,Austria Wien,https://www.thesportsdb.com/images/media/team/badge/iezqva1601148777.png/small
57,Auxerre,https://www.thesportsdb.com/images/media/team/badge/lzdtbf1658753355.png/small
114512,Ayacucho,https://www.thesportsdb.com/images/media/team/badge/p8ncdl1580040986.png/small
1906,AZ,https://www.thesportsdb.com/images/media/team/badge/cf4ozx1655760184.png/small
110404,Banfield,https://www.thesportsdb.com/images/media/team/badge/udyvv91517768017.png/small
110981,Barcelona Guayaquil,https://www.thesportsdb.com/images/media/team/badge/jfuvaf1579959704.png/small
1848,Bari 1908,https://www.thesportsdb.com/images/media/team/badge/isfrtg1579724972.png/small
1932,Barnsley,https://www.thesportsdb.com/images/media/team/badge/xvxsuv1447437855.png/small
113044,Barracas Central,https://www.thesportsdb.com/images/media/team/badge/rbkjba1707458543.png/small
381,Barrow,https://www.thesportsdb.com/images/media/team/badge/6ubn501512067488.png/small
896,Basel,https://www.thesportsdb.com/images/media/team/badge/xppxwr1473791183.png/small
58,Bastia,https://www.thesportsdb.com/images/media/team/badge/xxxxws1473504705.png/small
32,Bayer 04 Leverkusen,https://www.thesportsdb.com/images/media/team/badge/3x9k851726760113.png/small
110194,Bayreuth,https://www.thesportsdb.com/images/media/team/badge/kpeqxg1704630764.png/small
327,Beşiktaş,https://www.thesportsdb.com/images/media/team/badge/cg07mt1679455607.png/small
111768,Beijing Guoan,https://www.thesportsdb.com/images/media/team/badge/cdkguq1652626854.png/small
112026,Benevento,https://www.thesportsdb.com/images/media/team/badge/rvwtpt1426870819.png/small
234,Benfica,https://www.thesportsdb.com/images/media/team/badge/0pywy21662316682.png/small
113302,Bengaluru,https://www.thesportsdb.com/images/media/team/badge/p4q3g71589284427.png/small
88,Birmingham City,https://www.thesportsdb.com/images/media/team/badge/5o8jml1605372071.png/small
3,Blackburn Rovers,https://www.thesportsdb.com/images/media/team/badge/dljk551610530808.png/small
1926,Blackpool,https://www.thesportsdb.com/images/media/team/badge/utywru1448754934.png/small
1898,Boavista,https://www.thesportsdb.com/images/media/team/badge/usi98v1628853974.png/small
1877,Boca Juniors,https://www.thesportsdb.com/images/media/team/badge/rjl2be1517768150.png/small
918,Bodø / Glimt,https://www.thesportsdb.com/images/media/team/badge/uqpwwx1449165943.png/small
305,Bohemians,https://www.thesportsdb.com/images/media/team/badge/nw4syh1681105738.png/small
189,Bologna,https://www.thesportsdb.com/images/media/team/badge/2qi1u31655592366.png/small
4,Bolton Wanderers,https://www.thesportsdb.com/images/media/team/badge/yvxxrv1448808301.png/small
59,Bordeaux,https://www.thesportsdb.com/images/media/team/badge/u45vc51627132724.png/small
22,Borussia Dortmund,https://www.thesportsdb.com/images/media/team/badge/tqo8ge1716960353.png/small
110676,Borussia Dortmund II,https://www.thesportsdb.com/images/media/team/badge/tqo8ge1716960353.png/small
23,Borussia Mönchengladbach,https://www.thesportsdb.com/images/media/team/badge/sysurw1473453380.png/small
110752,Botoşani,https://www.thesportsdb.com/images/media/team/badge/1volx41719994247.png/small
269,Brøndby,https://www.thesportsdb.com/images/media/team/badge/ywswyw1473535498.png/small
1804,Bradford City,https://www.thesportsdb.com/images/media/team/badge/trwxxv1424033151.png/small
112472,Bragantino,https://www.thesportsdb.com/images/media/team/badge/2p7tl41701423595.png/small
1925,Brentford,https://www.thesportsdb.com/images/media/team/badge/grv1aw1546453779.png/small
190,Brescia,https://www.thesportsdb.com/images/media/team/badge/k0qhbd1566756266.png/small
378,Brest,https://www.thesportsdb.com/images/media/team/badge/z69be41598797026.png/small
1808,Brighton & Hove Albion,https://www.thesportsdb.com/images/media/team/badge/ywypts1448810904.png/small
111395,Brisbane Roar,https://www.thesportsdb.com/images/media/team/badge/sypxsu1473454634.png/small
1919,Bristol City,https://www.thesportsdb.com/images/media/team/badge/0ejxwz1601721013.png/small
1962,Bristol Rovers,https://www.thesportsdb.com/images/media/team/badge/kkmj4o1689317429.png/small
10846,Burgos,https://www.thesportsdb.com/images/media/team/badge/ozodku1645212250.png/small
1796,Burnley,https://www.thesportsdb.com/images/media/team/badge/ql7nl31686893820.png/small
15015,Burton Albion,https://www.thesportsdb.com/images/media/team/badge/uvpqpw1423804499.png/small
1968,Cádiz,https://www.thesportsdb.com/images/media/team/badge/e2phzp1639408503.png/small
210,Caen,https://www.thesportsdb.com/images/media/team/badge/uwuuqu1467461847.png/small
1842,Cagliari,https://www.thesportsdb.com/images/media/team/badge/wvsvxt1447534471.png/small
1944,Cambridge United,https://www.thesportsdb.com/images/media/team/badge/ysvrwy1423804324.png/small
110989,Caracas,https://www.thesportsdb.com/images/media/team/badge/e87b3o1639000318.png/small
1961,Cardiff City,https://www.thesportsdb.com/images/media/team/badge/xtytpt1448808285.png/small
1480,Carlisle United,https://www.thesportsdb.com/images/media/team/badge/wqqpuy1423804947.png/small
114510,Casa Pia,https://www.thesportsdb.com/images/media/team/badge/d8ugsc1678717133.png/small
111059,Ceará,https://www.thesportsdb.com/images/media/team/badge/rxxvyp1464886685.png/small
450,Celta de Vigo,https://www.thesportsdb.com/images/media/team/badge/xfjtku1690436219.png/small
78,Celtic,https://www.thesportsdb.com/images/media/team/badge/tswuut1447597436.png/small
111396,Central Coast Mariners,https://www.thesportsdb.com/images/media/team/badge/16igq81547381432.png/small
112965,Central Cordoba SdE,https://www.thesportsdb.com/images/media/team/badge/d62xkc1576101576.png/small
1750,Cercle Brugge,https://www.thesportsdb.com/images/media/team/badge/0v6uv41656017321.png/small
115536,Cerro Largo,https://www.thesportsdb.com/images/media/team/badge/f2lnua1580234598.png/small
112716,Cerro Porteño,https://www.thesportsdb.com/images/media/team/badge/xkxqtz1652126507.png/small
110816,CFR Cluj,https://www.thesportsdb.com/images/media/team/badge/81uzfv1507891573.png/small
111769,Changchun Yatai,https://www.thesportsdb.com/images/media/team/badge/r4c0lo1580938099.png/small
114640,Charlotte,https://www.thesportsdb.com/images/media/team/badge/xqtvvp1422380623.png/small
89,Charlton Athletic,https://www.thesportsdb.com/images/media/team/badge/c5nazz1610532336.png/small
518,Chaves,https://www.thesportsdb.com/images/media/team/badge/0e88hj1628850708.png/small
5,Chelsea,https://www.thesportsdb.com/images/media/team/badge/yvwvtu1448813215.png/small
1936,Cheltenham Town,https://www.thesportsdb.com/images/media/team/badge/l97ond1539029659.png/small
116360,Chengdu Qianbao,https://www.thesportsdb.com/images/media/team/badge/17njkn1581170604.png/small
113297,Chennaiyin,https://www.thesportsdb.com/images/media/team/badge/g5rypn1583254717.png/small
693,Chicago Fire,https://www.thesportsdb.com/images/media/team/badge/8xuc781639493166.png/small
113387,Chindia Târgovişte,https://www.thesportsdb.com/images/media/team/badge/zfym7d1638479420.png/small
111011,Cienciano,https://www.thesportsdb.com/images/media/team/badge/wyz4vq1580040141.png/small
113149,Cincinnati,https://www.thesportsdb.com/images/media/team/badge/qqtwwv1420941670.png/small
111993,Cittadella,https://www.thesportsdb.com/images/media/team/badge/olg5r11720176835.png/small
1815,Clermont,https://www.thesportsdb.com/images/media/team/badge/wrytst1426871249.png/small
231,Club Brugge,https://www.thesportsdb.com/images/media/team/badge/ov3w9j1536001717.png/small
110406,Colón,https://www.thesportsdb.com/images/media/team/badge/l72gz21712750680.png/small
1935,Colchester United,https://www.thesportsdb.com/images/media/team/badge/ttvpqt1424033597.png/small
110980,Colo-Colo,https://www.thesportsdb.com/images/media/event/thumb/jdxo4o1705926527.jpg/small
694,Colorado Rapids,https://www.thesportsdb.com/images/media/team/badge/uppupv1473536412.png/small
687,Columbus Crew,https://www.thesportsdb.com/images/media/team/badge/dzs8cp1629059854.png/small
1745,Como,https://www.thesportsdb.com/images/media/team/badge/02x81t1627405841.png/small
1041,Corinthians,https://www.thesportsdb.com/images/media/team/badge/vvuvps1473538042.png/small
112168,Cosenza,https://www.thesportsdb.com/images/media/team/badge/u6z5yu1656094382.png/small
1800,Coventry City,https://www.thesportsdb.com/images/media/team/badge/uxyqys1424033798.png/small
110747,Cracovia Kraków,https://www.thesportsdb.com/images/media/team/badge/bgqbo51714200086.png/small
110890,Crawley Town,https://www.thesportsdb.com/images/media/team/badge/a9hv3n1689632800.png/small
111434,Cremonese,https://www.thesportsdb.com/images/media/team/badge/6ng2vy1579708291.png/small
121,Crewe Alexandra,https://www.thesportsdb.com/images/media/team/badge/xurvtu1424033658.png/small
1799,Crystal Palace,https://www.thesportsdb.com/images/media/team/badge/ia6i3m1656014992.png/small
115530,Cuiabá,https://www.thesportsdb.com/images/media/team/badge/ma6ltv1618954231.png/small
2056,Daegu,https://www.thesportsdb.com/images/media/team/badge/xzjzn11579473073.png/small
112378,Dalian Professional,https://www.thesportsdb.com/images/media/team/badge/4gv9fe1583004521.png
695,Dallas,https://www.thesportsdb.com/images/media/team/badge/vxy8xy1602103187.png/small
110502,Darmstadt 98,https://www.thesportsdb.com/images/media/team/badge/5f3dyd1608236981.png/small
688,DC United,https://www.thesportsdb.com/images/media/team/badge/c0mkjx1724085101.png/small
111710,Defensa y Justicia,https://www.thesportsdb.com/images/media/team/badge/e5dof21626200467.png/small
113892,Degerfors,https://www.thesportsdb.com/images/media/team/badge/wrytvq1429977939.png/small
114580,Delfin,https://www.thesportsdb.com/images/media/team/badge/drhsv91579961166.png/small
111722,Deportes Tolima,https://www.thesportsdb.com/images/media/team/badge/fq7ho31678434354.png/small
463,Deportivo Alavés,https://www.thesportsdb.com/images/media/team/badge/m9c0ia1680934524.png/small
101102,Deportivo Cali,https://www.thesportsdb.com/images/media/team/badge/isc2yu1580833286.png/small
112853,Deportivo La Guaira,https://www.thesportsdb.com/images/media/team/badge/owmbsz1639000467.png/small
110990,Deportivo Táchira,https://www.thesportsdb.com/images/media/team/badge/fnzpsj1721136362.png/small
91,Derby County,https://www.thesportsdb.com/images/media/team/badge/9zvboc1713513775.png/small
445,Derry City,https://www.thesportsdb.com/images/media/team/badge/i5u42j1602256316.png/small
113217,Dhamk,https://www.thesportsdb.com/images/media/team/badge/z2l4w31677530963.png/small
110569,Dijon,https://www.thesportsdb.com/images/media/team/badge/viin5f1547898121.png/small
211,Dinamo Zagreb,https://www.thesportsdb.com/images/media/team/badge/araidi1579955395.png/small
710,Djurgården,https://www.thesportsdb.com/images/media/team/badge/eoxtmh1644937914.png/small
142,Doncaster Rovers,https://www.thesportsdb.com/images/media/team/badge/kb60i91656835900.png/small
1572,Drogheda United,https://www.thesportsdb.com/images/media/team/badge/w1j16u1582565320.png/small
159,DSC Arminia Bielefeld,https://www.thesportsdb.com/images/media/team/badge/xrrwpx1447591964.png/small
837,Dundalk,https://www.thesportsdb.com/images/media/team/badge/o87ec11681105824.png/small
181,Dundee United,https://www.thesportsdb.com/images/media/team/badge/orfh821655722356.png/small
503,Dynamo Dresden,https://www.thesportsdb.com/images/media/team/badge/yxqvxp1471898795.png/small
101047,Dynamo Kyiv,https://www.thesportsdb.com/images/media/team/badge/dtz3971593009348.png/small
111629,East Bengal,https://www.thesportsdb.com/images/media/team/badge/2dcje31694990604.png/small
110500,Eintracht Braunschweig,https://www.thesportsdb.com/images/media/team/badge/lrrq0z1599820707.png/small
1824,Eintracht Frankfurt,https://www.thesportsdb.com/images/media/team/badge/rurwpy1473453269.png/small
468,Elche,https://www.thesportsdb.com/images/media/team/badge/e4vaw51655594332.png/small
700,Elfsborg,https://www.thesportsdb.com/images/media/team/badge/svqvqq1421957626.png/small
580,Elversberg,https://www.thesportsdb.com/images/media/team/badge/z079go1677573926.png/small
110984,Emelec,https://www.thesportsdb.com/images/media/team/badge/15ovlq1579959696.png/small
1746,Empoli,https://www.thesportsdb.com/images/media/team/badge/c1ie6b1622561483.png/small
506,Erzgebirge Aue,https://www.thesportsdb.com/images/media/team/badge/vudwit1608236951.png/small
452,Espanyol,https://www.thesportsdb.com/images/media/team/badge/867nzz1681703222.png/small
10020,Estoril,https://www.thesportsdb.com/images/media/team/badge/lq9h8m1628854051.png/small
101083,Estudiantes,https://www.thesportsdb.com/images/media/team/badge/linsx31718390472.png/small
111332,Estudiantes Mérida,https://www.thesportsdb.com/images/media/team/badge/e3bjw81581367384.png/small
112584,Everton,https://www.thesportsdb.com/images/media/team/badge/eqayrf1523184794.png/small
1971,Excelsior,https://www.thesportsdb.com/images/media/team/badge/bmbn9v1625172555.png/small
143,Exeter City,https://www.thesportsdb.com/images/media/team/badge/98wt4h1521144923.png/small
112809,Famalicão,https://www.thesportsdb.com/images/media/team/badge/a3f4er1563653256.png/small
111117,Fatih Karagümrük,https://www.thesportsdb.com/images/media/team/badge/bfb84y1580847945.png/small
114554,FC Andorra,https://www.thesportsdb.com/images/media/team/badge/4oyjtu1538210898.png/small
100409,FC Augsburg,https://www.thesportsdb.com/images/media/team/badge/xqyyvq1473453233.png/small
241,FC Barcelona,https://www.thesportsdb.com/images/media/team/badge/wq9sir1639406443.png/small
21,FC Bayern München,https://www.thesportsdb.com/images/media/team/badge/z2r3eh1678017187.png/small
100851,FC Cartagena,https://www.thesportsdb.com/images/media/team/badge/xzrxd71677472112.png/small
100628,FC Emmen,https://www.thesportsdb.com/images/media/team/badge/knwhs41532855745.png/small
1915,FC Groningen,https://www.thesportsdb.com/images/media/team/badge/f36qnp1666107447.png/small
31,FC Köln,https://www.thesportsdb.com/images/media/team/badge/2j1sc91566049407.png/small
1908,FC Twente,https://www.thesportsdb.com/images/media/team/badge/rsrxrt1473534783.png/small
1831,FC Union Berlin,https://www.thesportsdb.com/images/media/team/badge/q0o5001599679795.png/small
1903,FC Utrecht,https://www.thesportsdb.com/images/media/team/badge/yuhha71625167104.png/small
645,FC Volendam,https://www.thesportsdb.com/images/media/team/badge/rdouic1625167940.png/small
100761,FCSB,https://www.thesportsdb.com/images/media/team/badge/r7w3d01625317356.png/small
326,Fenerbahçe,https://www.thesportsdb.com/images/media/team/badge/twxxvs1448199691.png/small
1874,Ferencváros,https://www.thesportsdb.com/images/media/team/badge/wk17od1688115265.png/small
246,Feyenoord,https://www.thesportsdb.com/images/media/team/badge/uturtx1473534803.png/small
111131,Finn Harps,https://www.thesportsdb.com/images/media/team/badge/pfu09n1579281537.png/small
110374,Fiorentina,https://www.thesportsdb.com/images/media/team/badge/hc8nhu1656098030.png/small
1043,Flamengo,https://www.thesportsdb.com/images/media/team/badge/syptwx1473538074.png/small
112260,Fleetwood Town,https://www.thesportsdb.com/images/media/team/badge/txwuwp1424032712.png/small
567,Fluminense,https://www.thesportsdb.com/images/media/team/badge/stvvwp1473538082.png/small
561,Forest Green Rovers,https://www.thesportsdb.com/images/media/team/badge/jbgjqk1505824045.png/small
111052,Fortaleza,https://www.thesportsdb.com/images/media/team/badge/tosmdr1532853458.png/small
110636,Fortuna Düsseldorf,https://www.thesportsdb.com/images/media/team/badge/rsruww1473454140.png/small
634,Fortuna Sittard,https://www.thesportsdb.com/images/media/team/badge/aqr7it1685596947.png/small
110691,Freiburg II,https://www.thesportsdb.com/images/media/team/badge/urwtup1473453288.png/small
111657,Frosinone,https://www.thesportsdb.com/images/media/team/badge/a7xa151603170120.png/small
169,FSV Mainz 05,https://www.thesportsdb.com/images/media/team/badge/tsubk21690957896.png/small
144,Fulham,https://www.thesportsdb.com/images/media/team/badge/xwwvyt1448811086.png/small
420,Górnik Zabrze,https://www.thesportsdb.com/images/media/team/badge/vxrpxs1448218657.png/small
325,Galatasaray,https://www.thesportsdb.com/images/media/team/badge/75fphr1537381190.png/small
112115,Gangwon,https://www.thesportsdb.com/images/media/team/badge/c4igx71579729617.png/small
110776,Gaziantep F.K.,https://www.thesportsdb.com/images/media/team/badge/00s02e1523093962.png/small
116007,General Caballero JLM,https://www.thesportsdb.com/images/media/team/badge/2prn101678717641.png/small
673,Genk,https://www.thesportsdb.com/images/media/team/badge/tp06te1534875918.png/small
110556,Genoa,https://www.thesportsdb.com/images/media/team/badge/52s8dn1655553600.png/small
674,Gent,https://www.thesportsdb.com/images/media/team/badge/vywrqv1447617922.png/small
1860,Getafe,https://www.thesportsdb.com/images/media/team/badge/eyh2891655594452.png/small
1596,GIF Sundsvall,https://www.thesportsdb.com/images/media/team/badge/qpvpvy1429902703.png/small
1888,Gil Vicente,https://www.thesportsdb.com/images/media/team/badge/88bsg41626201503.png/small
1802,Gillingham,https://www.thesportsdb.com/images/media/team/badge/sqxvpp1424033506.png/small
101084,Gimnasia La Plata,https://www.thesportsdb.com/images/media/team/badge/qtyutx1448211335.png/small
112120,Giresunspor,https://www.thesportsdb.com/images/media/team/badge/oknjbr1685993859.png/small
110062,Girona,https://www.thesportsdb.com/images/media/team/badge/kfu7zu1659897499.png/small
100632,Go Ahead Eagles,https://www.thesportsdb.com/images/media/team/badge/3hq2cy1685597026.png/small
113298,Goa,https://www.thesportsdb.com/images/media/team/badge/7z8ueq1583254723.png/small
111706,Godoy Cruz,https://www.thesportsdb.com/images/media/team/badge/d3c0ds1517768584.png/small
110832,Granada,https://www.thesportsdb.com/images/media/team/badge/f9iss11677472689.png/small
322,Grasshopper,https://www.thesportsdb.com/images/media/team/badge/hjwlxi1486332675.png/small
1805,Grenoble Foot 38,https://www.thesportsdb.com/images/media/team/badge/x2hcpg1488227785.png/small
92,Grimsby Town,https://www.thesportsdb.com/images/media/team/badge/yyupxs1464537075.png/small
114600,Guabirá,https://www.thesportsdb.com/images/media/team/badge/84bxl51579798562.png/small
114688,Guaireña,https://www.thesportsdb.com/images/media/team/badge/09cg6j1678845419.png/small
111839,Guangzhou Evergrande,https://www.thesportsdb.com/images/media/team/badge/3nkgi61654266984.png/small
112429,Guangzhou R&F,https://www.thesportsdb.com/images/media/team/badge/mvxqhd1654266924.png/small
62,Guingamp,https://www.thesportsdb.com/images/media/team/badge/5iihrp1590259631.png/small
711,Häcken,https://www.thesportsdb.com/images/media/team/badge/zyl9m01523905866.png/small
263,Hajduk Split,https://www.thesportsdb.com/images/media/team/badge/23mvtk1579955412.png/small
110482,Hallescher FC,https://www.thesportsdb.com/images/media/team/badge/xxdkdj1579106317.png/small
28,Hamburger SV,https://www.thesportsdb.com/images/media/team/badge/lko9bw1583341546.png/small
1756,HamKam,https://www.thesportsdb.com/images/media/team/badge/zft1oc1639776721.png/small
708,Hammarby,https://www.thesportsdb.com/images/media/team/badge/3kgg5b1592144695.png/small
112163,Hangzhou,https://www.thesportsdb.com/images/media/team/badge/dhlhdy1654266653.png/small
485,Hannover 96,https://www.thesportsdb.com/images/media/team/badge/tqpqqv1473454148.png/small
27,Hansa Rostock,https://www.thesportsdb.com/images/media/team/badge/g96u1z1660300651.png/small
112222,Harrogate Town,https://www.thesportsdb.com/images/media/team/badge/tf6bfs1599297313.png/small
2017,Hartberg,https://www.thesportsdb.com/images/media/team/badge/72c0xg1578833261.png/small
1941,Hartlepool United,https://www.thesportsdb.com/images/media/team/badge/eh9d4l1689067886.png/small
101028,Hatayspor,https://www.thesportsdb.com/images/media/team/badge/ry2b941601668593.png/small
1463,Haugesund,https://www.thesportsdb.com/images/media/team/badge/vx4q8p1602448530.png/small
80,Hearts,https://www.thesportsdb.com/images/media/team/badge/twqvyt1447597939.png/small
112978,Hebei CFFC,https://www.thesportsdb.com/images/media/team/badge/7oltnf1622562306.png/small
111235,Heidenheim,https://www.thesportsdb.com/images/media/team/badge/lbj7g01608236988.png/small
206,Hellas Verona,https://www.thesportsdb.com/images/media/team/badge/p6camf1593457737.png/small
432,Helsingborg,https://www.thesportsdb.com/images/media/team/badge/xogmss1592144703.png/small
111779,Henan Jianye,https://www.thesportsdb.com/images/media/team/badge/mc9rzf1699122167.png/small
114147,Hermannstadt,https://www.thesportsdb.com/images/media/team/badge/d3xtjz1579793605.png/small
115694,Hermanos Colmenares,https://www.thesportsdb.com/images/media/team/badge/l0nmym1721096932.png/small
166,Hertha BSC,https://www.thesportsdb.com/images/media/team/badge/yjwldp1660681449.png/small
81,Hibernian,https://www.thesportsdb.com/images/media/team/badge/qjys3z1684928969.png/small
100325,HJK,https://www.thesportsdb.com/images/media/team/badge/n7towl1615757839.png/small
576,Holstein Kiel,https://www.thesportsdb.com/images/media/team/badge/1fpmgs1514394524.png/small
1446,Horsens,https://www.thesportsdb.com/images/media/team/badge/xqvssv1473535480.png/small
698,Houston Dynamo,https://www.thesportsdb.com/images/media/team/badge/yvz9dq1707631352.png/small
1939,Huddersfield Town,https://www.thesportsdb.com/images/media/team/badge/y11fin1677527513.png/small
110839,Huesca,https://www.thesportsdb.com/images/media/team/badge/tuxusx1447590509.png/small
1952,Hull City,https://www.thesportsdb.com/images/media/team/badge/fbqqda1601726113.png/small
111711,Huracán,https://www.thesportsdb.com/images/media/team/badge/3cafun1580842587.png/small
113301,Hyderabad,https://www.thesportsdb.com/images/media/team/badge/sc7m161487419327.png/small
319,IFK Göteborg,https://www.thesportsdb.com/images/media/team/badge/7cd24s1726762061.png/small
110765,Incheon United,https://www.thesportsdb.com/images/media/team/badge/2no9nq1579473100.png/small
110093,Independiente,https://www.thesportsdb.com/images/media/team/badge/eki4nd1580842605.png/small
112908,Independiente del Valle,https://www.thesportsdb.com/images/media/team/badge/zc66ar1703174596.png/small
101103,Independiente Medellín,https://www.thesportsdb.com/images/media/team/badge/f50g3b1678411414.png/small
115517,Independiente Petrolero,https://www.thesportsdb.com/images/media/team/badge/v0t6g61614284889.png/small
111239,Ingolstadt,https://www.thesportsdb.com/images/media/team/badge/5rcchm1677552691.png/small
44,Inter,https://www.thesportsdb.com/images/media/team/badge/ryhu6d1617113103.png/small
112893,Inter Miami,https://www.thesportsdb.com/images/media/team/badge/m4it3e1602103647.png/small
1048,Internacional,https://www.thesportsdb.com/images/media/team/badge/yprvxx1473538097.png/small
94,Ipswich Town,https://www.thesportsdb.com/images/media/team/badge/mdj1ey1634670785.png/small
110745,Jagiellonia Białystok,https://www.thesportsdb.com/images/media/team/badge/ucze1y1601404699.png/small
543,Jahn Regensburg,https://www.thesportsdb.com/images/media/team/badge/dedrta1608236993.png/small
114168,Jamshedpur,https://www.thesportsdb.com/images/media/team/badge/vn0g0y1583254736.png/small
1478,Jeju United,https://www.thesportsdb.com/images/media/team/badge/lrhpwr1581348377.png/small
1477,Jeonbuk Motors,https://www.thesportsdb.com/images/media/team/badge/6j4sqf1602513188.png/small
115489,Jerv,https://www.thesportsdb.com/images/media/team/badge/q34do61654802792.png/small
101101,Junior,https://www.thesportsdb.com/images/media/team/badge/me7a601580842569.png/small
45,Juventus,https://www.thesportsdb.com/images/media/team/badge/fytj241726760465.png/small
819,København,https://www.thesportsdb.com/images/media/team/badge/83jkxp1626459576.png/small
29,Kaiserslautern,https://www.thesportsdb.com/images/media/team/badge/xryvuv1429573933.png/small
110929,Kaizer Chiefs,https://www.thesportsdb.com/images/media/team/badge/akwtlr1583614121.png/small
1439,Kalmar,https://www.thesportsdb.com/images/media/team/badge/3tnu4i1688449562.png/small
1832,Karlsruher SC,https://www.thesportsdb.com/images/media/team/badge/hnci291621593978.png/small
111339,Kasımpaşa,https://www.thesportsdb.com/images/media/team/badge/uryxtp1448203236.png/medium
101020,Kayserispor,https://www.thesportsdb.com/images/media/team/badge/bvskgi1601668985.png/small
113299,Kerala Blasters,https://www.thesportsdb.com/images/media/team/badge/95t4dn1583254742.png/small
82,Kilmarnock,https://www.thesportsdb.com/images/media/team/badge/xssqtu1447596951.png/small
101033,Konyaspor,https://www.thesportsdb.com/images/media/team/badge/rxwptr1448203413.png/small
111083,Korona Kielce,https://www.thesportsdb.com/images/media/team/badge/ytpvtv1448218305.png/small
100081,Kortrijk,https://www.thesportsdb.com/images/media/team/badge/ssvvtu1447618084.png/small
113459,Kristiansund,https://www.thesportsdb.com/images/media/team/badge/wzrjhc1690695847.png/small
682,KV Oostende,https://www.thesportsdb.com/images/media/team/badge/swyi771622912817.png/small
112523,La Equidad,https://www.thesportsdb.com/images/media/team/badge/attwsg1576162083.png/small
697,LA Galaxy,https://www.thesportsdb.com/images/media/team/badge/ysyysr1420227188.png/small
110395,Lanús,https://www.thesportsdb.com/images/media/team/badge/8g8cqd1580842625.png/small
472,Las Palmas,https://www.thesportsdb.com/images/media/team/badge/mmhyb11616443601.png/small
252,LASK Linz,https://www.thesportsdb.com/images/media/team/badge/9a79lx1583516591.png/small
1814,Laval,https://www.thesportsdb.com/images/media/team/badge/s6g8y81580152463.png/small
46,Lazio,https://www.thesportsdb.com/images/media/team/badge/rwqyvs1448806608.png/small
110986,LDU Quito,https://www.thesportsdb.com/images/media/team/badge/tqqfbp1653075235.png/small
1738,Le Havre,https://www.thesportsdb.com/images/media/team/badge/aikowk1546475003.png/small
347,Lecce,https://www.thesportsdb.com/images/media/team/badge/j4vznr1567365249.png/small
873,Lech Poznań,https://www.thesportsdb.com/images/media/team/badge/8zfxyx1685597440.png/small
111091,Lechia Gdańsk,https://www.thesportsdb.com/images/media/team/badge/92qkyn1601412225.png/small
8,Leeds United,https://www.thesportsdb.com/images/media/team/badge/qtn4b61605122635.png/small
100888,Leganés,https://www.thesportsdb.com/images/media/team/badge/tm0adr1616443898.png/small
1871,Legia Warszawa,https://www.thesportsdb.com/images/media/team/badge/dxeswp1575211366.png/small
95,Leicester City,https://www.thesportsdb.com/images/media/team/badge/dtq1ny1610532512.png/small
64,Lens,https://www.thesportsdb.com/images/media/team/badge/3pxoum1598797195.png/small
1853,Levante,https://www.thesportsdb.com/images/media/team/badge/xwtxsx1473503739.png/small
1958,Leyton Orient,https://www.thesportsdb.com/images/media/team/badge/g4d9bi1688678797.png/small
111008,Libertad,https://www.thesportsdb.com/images/media/team/badge/np5lsg1579989360.png/small
65,Lille,https://www.thesportsdb.com/images/media/team/badge/2giize1534005340.png/small
299,Lillestrøm,https://www.thesportsdb.com/images/media/team/badge/txpuvv1448823342.png/small
149,Lincoln City,https://www.thesportsdb.com/images/media/team/badge/x46tji1719860130.png/small
111326,Liverpool,https://www.thesportsdb.com/images/media/team/badge/uo1nqc1725633630.png/small
621,Livingston,https://www.thesportsdb.com/images/media/team/badge/ryvypr1447605549.png/small
217,Lorient,https://www.thesportsdb.com/images/media/team/badge/sxsttw1473504748.png/small
112996,Los Angeles FC,https://www.thesportsdb.com/images/media/team/badge/w408rg1719220748.png/small
10032,Lugano,https://www.thesportsdb.com/images/media/team/badge/2kh2if1567615581.png/small
110831,Lugo,https://www.thesportsdb.com/images/media/team/badge/iwnbbw1616444140.png/small
1923,Luton Town,https://www.thesportsdb.com/images/media/team/badge/v977eh1681319466.png/small
897,Luzern,https://www.thesportsdb.com/images/media/team/badge/engwgb1648907592.png/small
15001,Lyngby,https://www.thesportsdb.com/images/media/team/badge/zq3o3j1718210605.png/small
573,Málaga,https://www.thesportsdb.com/images/media/team/badge/upqyvr1473502952.png/small
114604,Macarthur,https://www.thesportsdb.com/images/media/team/badge/9gr66g1579348350.png/small
110588,Magdeburg,https://www.thesportsdb.com/images/media/team/badge/f2fuxs1532856216.png/small
453,Mallorca,https://www.thesportsdb.com/images/media/team/badge/ssptsx1473503730.png/small
320,Malmö FF,https://www.thesportsdb.com/images/media/team/badge/4wu9t31560366980.png/small
110935,Mamelodi Sundowns,https://www.thesportsdb.com/images/media/team/badge/uswgw01642709783.png/small
10,Manchester City,https://www.thesportsdb.com/images/media/team/badge/vwpvry1467462651.png/small
11,Manchester United,https://www.thesportsdb.com/images/media/team/badge/xzqdr11517660252.png/small
1940,Mansfield Town,https://www.thesportsdb.com/images/media/team/badge/vqtxwt1423804415.png/small
1893,Marítimo,https://www.thesportsdb.com/images/media/team/badge/xlr0tw1656336618.png/small
110724,Mechelen,https://www.thesportsdb.com/images/media/team/badge/sxsxpt1447618693.png/small
114628,Meizhou Hakka,https://www.thesportsdb.com/images/media/team/badge/ae8zf61580929311.png/small
112224,Melbourne City,https://www.thesportsdb.com/images/media/team/badge/rkeqme1603301840.png/small
111397,Melbourne Victory,https://www.thesportsdb.com/images/media/team/badge/wwvsqx1473454564.png/small
111334,Melgar,https://www.thesportsdb.com/images/media/team/badge/x2o39g1580040128.png/small
110597,Meppen,https://www.thesportsdb.com/images/media/team/badge/x0b2rq1579106288.png/small
112914,Metropolitanos,https://www.thesportsdb.com/images/media/team/badge/gnzf5e1639000928.png/small
68,Metz,https://www.thesportsdb.com/images/media/team/badge/1iuew61688452857.png/small
12,Middlesbrough,https://www.thesportsdb.com/images/media/team/badge/xxpttq1448811142.png/small
1516,Midtjylland,https://www.thesportsdb.com/images/media/team/badge/vptqvr1473535525.png/small
112505,Miedź Legnica,https://www.thesportsdb.com/images/media/team/badge/llqr4k1532855627.png/small
47,Milan,https://www.thesportsdb.com/images/media/team/badge/wvspur1448806617.png/small
97,Millwall,https://www.thesportsdb.com/images/media/team/badge/5p1z5k1537208888.png/small
1798,Milton Keynes Dons,https://www.thesportsdb.com/images/media/team/badge/khbqy61688567034.png/small
111138,Minnesota United,https://www.thesportsdb.com/images/media/team/badge/vl67t41492453433.png/small
113380,Mioveni,https://www.thesportsdb.com/images/media/team/badge/w5gstk1638479401.png/small
110069,Mirandés,https://www.thesportsdb.com/images/media/team/badge/xjeaa21625677345.png/small
112072,Mjällby,https://www.thesportsdb.com/images/media/team/badge/ruwqxv1430239112.png/small
1744,Modena,https://www.thesportsdb.com/images/media/team/badge/93n2wm1656015823.png/small
417,Molde,https://www.thesportsdb.com/images/media/team/badge/apziyg1534866527.png/small
69,Monaco,https://www.thesportsdb.com/images/media/team/badge/exjf5l1678808044.png/small
70,Montpellier,https://www.thesportsdb.com/images/media/team/badge/ihjm481723228069.png/small
111139,Montreal Impact,https://www.thesportsdb.com/images/media/team/badge/wg1khe1591652686.png/small
111811,Monza,https://www.thesportsdb.com/images/media/team/badge/bxearg1603170113.png/small
357,Morecambe,https://www.thesportsdb.com/images/media/team/badge/qaerfb1624973578.png/small
83,Motherwell,https://www.thesportsdb.com/images/media/team/badge/vsysqx1447598301.png/small
1825,MSV Duisburg,https://www.thesportsdb.com/images/media/team/badge/uzk5fu1657320702.png/small
113300,Mumbai City,https://www.thesportsdb.com/images/media/team/badge/0ggcag1690787479.png/small
114615,Mushuc Runa,https://www.thesportsdb.com/images/media/team/badge/bbp7n61679266263.png/small
224,Nîmes,https://www.thesportsdb.com/images/media/team/badge/7ghm2i1547892868.png/small
171,Nürnberg,https://www.thesportsdb.com/images/media/team/badge/wtj8rd1659904028.png/small
111325,Nacional,https://www.thesportsdb.com/images/media/team/badge/1ln5fe1628850538.png/small
112671,Nacional Asunción,https://www.thesportsdb.com/images/media/team/badge/fq3fgs1579989387.png/small
71,Nantes,https://www.thesportsdb.com/images/media/team/badge/mla9x61678808018.png/small
48,Napoli,https://www.thesportsdb.com/images/media/team/badge/89z4qr1720153900.png/small
114162,Nashville SC,https://www.thesportsdb.com/images/media/team/badge/twqyvy1422052908.png/small
1910,NEC,https://www.thesportsdb.com/images/media/team/badge/t5qjle1701019868.png/small
691,New England,https://www.thesportsdb.com/images/media/team/badge/1ula2l1639493143.png/small
112828,New York City,https://www.thesportsdb.com/images/media/team/badge/li4y2o1534575820.png/small
689,New York RB,https://www.thesportsdb.com/images/media/team/badge/n22a2t1565620586.png/small
111398,Newcastle Jets,https://www.thesportsdb.com/images/media/team/badge/5jevk91653487832.png/small
13,Newcastle United,https://www.thesportsdb.com/images/media/team/badge/1zs5ku1578041680.png/small
110396,Newell's Old Boys,https://www.thesportsdb.com/images/media/team/badge/23aftf1580842633.png/small
112254,Newport County,https://www.thesportsdb.com/images/media/team/badge/ttsryu1448814163.png/small
72,Nice,https://www.thesportsdb.com/images/media/team/badge/msy7ly1621593859.png/small
1813,Niort,https://www.thesportsdb.com/images/media/team/badge/7w53a21578751661.png/small
1788,Nordsjælland,https://www.thesportsdb.com/images/media/team/badge/p2hof41579460164.png/small
702,Norrköping,https://www.thesportsdb.com/images/media/team/badge/87sdp61676027891.png/small
1930,Northampton Town,https://www.thesportsdb.com/images/media/team/badge/aa42641684131255.png/small
113040,NorthEast United,https://www.thesportsdb.com/images/media/team/badge/h86ghn1583254754.png/small
1792,Norwich City,https://www.thesportsdb.com/images/media/team/badge/pabczm1679951464.png/small
14,Nottingham Forest,https://www.thesportsdb.com/images/media/team/badge/bk4qjs1546440351.png/small
272,OB,https://www.thesportsdb.com/images/media/team/badge/06qdqv1677768007.png/small
1456,Odd,https://www.thesportsdb.com/images/media/team/badge/40ye8r1602446020.png/small
113257,Odisha FC,https://www.thesportsdb.com/images/media/team/badge/ljpjmn1693034492.png/small
100087,OH Leuven,https://www.thesportsdb.com/images/media/team/badge/hxfhp01595605303.png/small
101108,Olimpia,https://www.thesportsdb.com/images/media/team/badge/dwvlxp1718273689.png/small
66,Olympique Lyonnais,https://www.thesportsdb.com/images/media/team/badge/2hzwdf1536392242.png/small
219,Olympique Marseille,https://www.thesportsdb.com/images/media/team/badge/uutsyt1473504764.png/small
110970,Oriente Petrolero,https://www.thesportsdb.com/images/media/team/badge/6xw4im1653309695.png/small
112606,Orlando City,https://www.thesportsdb.com/images/media/team/badge/qyppxw1423832326.png/small
110930,Orlando Pirates,https://www.thesportsdb.com/images/media/team/badge/y6dbv61583616330.png/small
479,Osasuna,https://www.thesportsdb.com/images/media/team/badge/rvspvt1473502960.png/small
487,Osnabrück,https://www.thesportsdb.com/images/media/team/badge/tjs2611565193747.png/small
1951,Oxford United,https://www.thesportsdb.com/images/media/team/badge/la34wg1601726102.png/small
1892,Paços de Ferreira,https://www.thesportsdb.com/images/media/team/badge/r85tk01628855526.png/small
10030,Paderborn,https://www.thesportsdb.com/images/media/team/badge/kddvva1566048058.png/small
1843,Palermo,https://www.thesportsdb.com/images/media/team/badge/zi1tb01579708939.png/small
383,Palmeiras,https://www.thesportsdb.com/images/media/team/badge/vsqwqp1473538105.png/small
1884,Panathinaikos,https://www.thesportsdb.com/images/media/team/badge/vtpwwt1448208397.png/small
393,PAOK,https://www.thesportsdb.com/images/media/team/badge/m15zsh1602774126.png/small
111817,Paris,https://www.thesportsdb.com/images/media/team/badge/rwqrrq1473504808.png/small
73,Paris Saint Germain,https://www.thesportsdb.com/images/media/team/badge/vvj6uh1560677525.png/small
50,Parma,https://www.thesportsdb.com/images/media/team/badge/6yiaxs1627406063.png/small
110581,Patronato,https://www.thesportsdb.com/images/media/team/badge/diz3me1678849584.png/small
110321,Pau,https://www.thesportsdb.com/images/media/team/badge/5qupxa1608237013.png/small
101110,Peñarol,https://www.thesportsdb.com/images/media/team/badge/uuwpux1473541171.png/small
111399,Perth Glory,https://www.thesportsdb.com/images/media/team/badge/2c9k5p1679114095.png/small
199,Perugia,https://www.thesportsdb.com/images/media/team/badge/7e4l2k1603811720.png/small
1938,Peterborough United,https://www.thesportsdb.com/images/media/team/badge/9x1kdy1637782136.png/small
110078,Petrolul 52,https://www.thesportsdb.com/images/media/team/badge/mv8kh01656874656.png/small
112134,Philadelphia Union,https://www.thesportsdb.com/images/media/team/badge/gyznyo1602103682.png/small
111086,Piast Gliwice,https://www.thesportsdb.com/images/media/team/badge/qywuux1448219182.png/small
110738,Pisa,https://www.thesportsdb.com/images/media/team/badge/2eso9w1579708309.png/small
112689,Platense,https://www.thesportsdb.com/images/media/team/badge/ugf2iv1578822676.png/small
1929,Plymouth Argyle,https://www.thesportsdb.com/images/media/team/badge/wod5cj1689630278.png/small
110746,Pogoń Szczecin,https://www.thesportsdb.com/images/media/team/badge/uxyuwx1448219553.png/small
1474,Pohang Steelers,https://www.thesportsdb.com/images/media/team/badge/janx5d1579473162.png/small
2023,Ponferradina,https://www.thesportsdb.com/images/media/team/badge/lnq4821626202014.png/small
1928,Port Vale,https://www.thesportsdb.com/images/media/team/badge/wvpxpp1424033388.png/small
10031,Portimonense,https://www.thesportsdb.com/images/media/team/badge/9ccun71593020108.png/small
111140,Portland Timbers,https://www.thesportsdb.com/images/media/team/badge/skm30j1557953559.png/small
236,Porto,https://www.thesportsdb.com/images/media/team/badge/7v1d5g1516305799.png/small
1790,Portsmouth,https://www.thesportsdb.com/images/media/team/badge/j13pfe1601726274.png/small
1801,Preston North End,https://www.thesportsdb.com/images/media/team/badge/pd6ucw1590527844.png/small
247,PSV,https://www.thesportsdb.com/images/media/team/badge/xfsz6i1721297428.png/small
15,Queens Park Rangers,https://www.thesportsdb.com/images/media/team/badge/4fs16s1686848318.png/small
112552,Quevilly Rouen,https://www.thesportsdb.com/images/media/team/badge/r4vcc71579992042.png/small
101085,Racing Club,https://www.thesportsdb.com/images/media/team/badge/vi4mu41695734959.png/small
456,Racing Santander,https://www.thesportsdb.com/images/media/team/badge/97kkiq1536575158.png/small
111088,Radomiak Radom,https://www.thesportsdb.com/images/media/team/badge/wpi1dx1698554708.png/small
114326,Raków Częstochowa,https://www.thesportsdb.com/images/media/team/badge/vy8paa1579458598.png/small
1786,Randers,https://www.thesportsdb.com/images/media/team/badge/w0kmhn1690407779.png/small
86,Rangers,https://www.thesportsdb.com/images/media/team/badge/ti24j61614290048.png/small
310,Rapid Bucuresti,https://www.thesportsdb.com/images/media/team/badge/0qejdm1638479382.png/small
254,Rapid Vienna,https://www.thesportsdb.com/images/media/team/badge/wxvdn91686619560.png/small
480,Rayo Vallecano,https://www.thesportsdb.com/images/media/team/badge/ux3ia61641560974.png/small
112172,RB Leipzig,https://www.thesportsdb.com/images/media/team/badge/zjgapo1594244951.png/small
1793,Reading,https://www.thesportsdb.com/images/media/team/badge/tprvtu1448811527.png/small
449,Real Betis,https://www.thesportsdb.com/images/media/team/badge/2oqulv1663245386.png/small
243,Real Madrid,https://www.thesportsdb.com/images/media/team/badge/vwvwrw1473502969.png/small
110827,Real Oviedo,https://www.thesportsdb.com/images/media/team/badge/yuwqus1447590681.png/small
111065,Real Salt Lake,https://www.thesportsdb.com/images/media/team/badge/kkjlfa1556488022.png/small
457,Real Sociedad,https://www.thesportsdb.com/images/media/team/badge/vptvpr1473502986.png/small
462,Real Valladolid,https://www.thesportsdb.com/images/media/team/badge/bnhu8b1719983736.png/small
244,Real Zaragoza,https://www.thesportsdb.com/images/media/team/badge/sxpwxs1473503702.png/small
203,Reggina,https://www.thesportsdb.com/images/media/team/badge/5zh7bz1603170133.png/small
379,Reims,https://www.thesportsdb.com/images/media/team/badge/xcrw1b1592925946.png/small
74,Rennes,https://www.thesportsdb.com/images/media/team/badge/ypturx1473504818.png/small
112695,RFC Seraing,https://www.thesportsdb.com/images/media/team/badge/1okggx1595605041.png/small
15009,Rheindorf Altach,https://www.thesportsdb.com/images/media/team/badge/0kmp1v1578517531.png/small
780,Ried,https://www.thesportsdb.com/images/media/team/badge/c1bxyq1583516636.png/small
744,Rio Ave,https://www.thesportsdb.com/images/media/team/badge/ngbklq1628851239.png/small
112184,River Plate,https://www.thesportsdb.com/images/media/team/badge/03dmi31645539717.png/small
1905,RKC Waalwijk,https://www.thesportsdb.com/images/media/team/badge/11v54c1659096848.png/small
1955,Rochdale,https://www.thesportsdb.com/images/media/team/badge/uqwwxr1424032561.png/small
111659,Rodez,https://www.thesportsdb.com/images/media/team/badge/e8rjka1576848094.png/small
52,Roma,https://www.thesportsdb.com/images/media/team/badge/xqpqpq1448806641.png/small
110580,Rosario Central,https://www.thesportsdb.com/images/media/team/badge/89ejr11721138251.png/small
298,Rosenborg,https://www.thesportsdb.com/images/media/team/badge/wtqrtt1448823951.png/small
631,Ross County,https://www.thesportsdb.com/images/media/team/badge/yi482m1688532289.png/small
1797,Rotherham United,https://www.thesportsdb.com/images/media/team/badge/uruupp1448811536.png/small
526,Rot-Weiss Essen,https://www.thesportsdb.com/images/media/team/badge/xwupps1474039541.png/small
114579,Royal Pari,https://www.thesportsdb.com/images/media/team/badge/k1b53b1579798613.png/small
598,São Paulo,https://www.thesportsdb.com/images/media/team/badge/sxpupx1473538135.png/small
112494,Südtirol,https://www.thesportsdb.com/images/media/team/badge/8fico41579725098.png/small
523,Saarbrücken,https://www.thesportsdb.com/images/media/team/badge/98llrw1580147755.png/small
1819,Saint-Étienne,https://www.thesportsdb.com/images/media/team/badge/6o7td41521741546.png/small
110373,Salernitana,https://www.thesportsdb.com/images/media/team/badge/nmi7mk1603170517.png/small
113926,Salford City,https://www.thesportsdb.com/images/media/team/badge/ds9iug1601809299.png/small
191,Salzburg,https://www.thesportsdb.com/images/media/team/badge/xy1m6m1576416143.png/small
1837,Sampdoria,https://www.thesportsdb.com/images/media/team/badge/pr6co21655592769.png/small
1013,San Lorenzo,https://www.thesportsdb.com/images/media/team/badge/qr7ose1517769136.png/small
1757,Sandefjord,https://www.thesportsdb.com/images/media/team/badge/3tzlt31691821291.png/small
110178,Sandhausen,https://www.thesportsdb.com/images/media/team/badge/8mb87j1608238882.png/small
2055,Sangju Sangmu,https://www.thesportsdb.com/images/media/team/badge/g4cjyk1609536787.png/small
1438,Santa Clara,https://www.thesportsdb.com/images/media/team/badge/7337a61724860742.png/small
1053,Santos,https://www.thesportsdb.com/images/media/team/badge/nq32gy1557078230.png/small
112713,Sarmiento,https://www.thesportsdb.com/images/media/team/badge/xxofu71677634191.png/small
112199,Sarpsborg 08,https://www.thesportsdb.com/images/media/team/badge/pxrf831534869388.png/small
111974,Sassuolo,https://www.thesportsdb.com/images/media/team/badge/xystvp1448806138.png/small
647,SC Cambuur,https://www.thesportsdb.com/images/media/team/badge/b3rap31579463652.png/small
25,SC Freiburg,https://www.thesportsdb.com/images/media/team/badge/urwtup1473453288.png/small
1913,SC Heerenveen,https://www.thesportsdb.com/images/media/team/badge/surtsx1473534841.png/small
34,Schalke 04,https://www.thesportsdb.com/images/media/team/badge/hnci291621593978.png/small
467,SD Eibar,https://www.thesportsdb.com/images/media/team/badge/hccive1680933599.png/small
111144,Seattle Sounders,https://www.thesportsdb.com/images/media/team/badge/2dy5cx1706711036.png/small
981,Seongnam,https://www.thesportsdb.com/images/media/team/badge/qbs8mu1579473138.png/small
982,Seoul,https://www.thesportsdb.com/images/media/team/badge/31z1zf1579473186.png/small
113378,Sepsi,https://www.thesportsdb.com/images/media/team/badge/ggoh1h1638479369.png/small
324,Servette,https://www.thesportsdb.com/images/media/team/badge/440wv71692206330.png/small
481,Sevilla,https://www.thesportsdb.com/images/media/team/badge/vpsqqx1473502977.png/small
101059,Shakhtar Donetsk,https://www.thesportsdb.com/images/media/team/badge/sqrxsr1421791799.png/small
306,Shamrock Rovers,https://www.thesportsdb.com/images/media/team/badge/phucdt1582461629.png/small
111724,Shandong Luneng,https://www.thesportsdb.com/images/media/team/badge/vheyu21654266995.png/small
110955,Shanghai Shenhua,https://www.thesportsdb.com/images/media/team/badge/p0r1bj1654266974.png/small
112540,Shanghai SIPG,https://www.thesportsdb.com/images/media/team/badge/1gotwp1622562445.png/small
1794,Sheffield United,https://www.thesportsdb.com/images/media/team/badge/w7f8pj1672950689.png/small
1807,Sheffield Wednesday,https://www.thesportsdb.com/images/media/team/badge/w7f8pj1672950689.png/small
834,Shelbourne,https://www.thesportsdb.com/images/media/team/badge/brh8t91579281545.png/small
111773,Shenzhen,https://www.thesportsdb.com/images/media/team/badge/2l9qqi1700049148.png/small
112985,Shijiazhuang Ever Bright,https://www.thesportsdb.com/images/media/team/badge/ts5wcb1622562168.png/small
127,Shrewsbury Town,https://www.thesportsdb.com/images/media/team/badge/9zqhpw1546434997.png/small
270,Silkeborg,https://www.thesportsdb.com/images/media/team/badge/tpxvvp1473535560.png/small
680,Sint-Truiden,https://www.thesportsdb.com/images/media/team/badge/5a2vju1600974345.png/small
110770,Sion,https://www.thesportsdb.com/images/media/team/badge/gzpfmv1689085319.png/small
113458,Sirius,https://www.thesportsdb.com/images/media/team/badge/yryyvr1429976751.png/small
101041,Sivasspor,https://www.thesportsdb.com/images/media/team/badge/pnhe5i1681161798.png/small
111928,SJ Earthquakes,https://www.thesportsdb.com/images/media/team/badge/xyrqqt1420781048.png/small
266,Slavia Praha,https://www.thesportsdb.com/images/media/team/badge/8r90kc1685784385.png/small
563,Sligo Rovers,https://www.thesportsdb.com/images/media/team/badge/1e9wvc1602256331.png/small
226,Sochaux,https://www.thesportsdb.com/images/media/team/badge/7oyt6c1546475268.png/small
112080,Sol de América,https://www.thesportsdb.com/images/media/team/badge/262lff1579989421.png/small
17,Southampton,https://www.thesportsdb.com/images/media/team/badge/ggqtd01621593274.png/small
112791,SPAL,https://www.thesportsdb.com/images/media/team/badge/wttptv1426703169.png/small
267,Sparta Praha,https://www.thesportsdb.com/images/media/team/badge/7qjjq21494528373.png/small
100646,Sparta Rotterdam,https://www.thesportsdb.com/images/media/team/badge/3vw3371574716725.png/small
110741,Spezia,https://www.thesportsdb.com/images/media/team/badge/spuztf1688689372.png/small
111016,Sport Boys,https://www.thesportsdb.com/images/media/team/badge/uybvv01580040173.png/small
1896,Sporting Braga,https://www.thesportsdb.com/images/media/team/badge/8g4aod1678717261.png/small
670,Sporting Charleroi,https://www.thesportsdb.com/images/media/team/badge/7xgd0p1656072147.png/small
237,Sporting CP,https://www.thesportsdb.com/images/media/team/badge/9ldv501726761010.png/small
111013,Sporting Cristal,https://www.thesportsdb.com/images/media/team/badge/e6thwz1580040195.png/small
459,Sporting Gijón,https://www.thesportsdb.com/images/media/team/badge/xxrtqx1473503054.png/small
696,Sporting KC,https://www.thesportsdb.com/images/media/team/badge/ah98x71567175852.png/small
165,SpVgg Greuther Fürth,https://www.thesportsdb.com/images/media/team/badge/87n1901608237004.png/small
110075,SSC Farul,https://www.thesportsdb.com/images/media/team/badge/37r50u1638479392.png/small
423,St Patrick's,https://www.thesportsdb.com/images/media/team/badge/rdm7121546008891.png/small
898,St. Gallen,https://www.thesportsdb.com/images/media/team/badge/tyvyvs1422644512.png/small
100804,St. Johnstone,https://www.thesportsdb.com/images/media/team/badge/j84ht31600550102.png/small
100805,St. Mirren,https://www.thesportsdb.com/images/media/team/badge/xvtuvv1447604452.png/small
110329,St. Pauli,https://www.thesportsdb.com/images/media/team/badge/5qupxa1608237013.png/small
114004,Stal Mielec,https://www.thesportsdb.com/images/media/team/badge/3ozzg61651171638.png/small
232,Standard Liège,https://www.thesportsdb.com/images/media/team/badge/yturvp1447619528.png/small
361,Stevenage,https://www.thesportsdb.com/images/media/team/badge/o4m2ci1596480474.png/small
1931,Stockport County,https://www.thesportsdb.com/images/media/team/badge/jcsz9k1594450753.png/small
1806,Stoke City,https://www.thesportsdb.com/images/media/team/badge/d16frn1678807158.png/small
922,Strømsgodset,https://cdn.ssref.net/req/202409272/tlogo/fb/90eb0dcc.png
76,Strasbourg,https://www.thesportsdb.com/images/media/team/badge/yuxtyy1464540071.png/small
209,Sturm Graz,https://www.thesportsdb.com/images/media/team/badge/ppg0j71578585847.png/small
106,Sunderland,https://www.thesportsdb.com/images/media/team/badge/tprtus1448813498.png/small
110799,Sutton United,https://www.thesportsdb.com/images/media/team/badge/3xxw321514563737.png/small
112558,Suwon,https://www.thesportsdb.com/images/media/team/badge/ym5u611579473171.png/small
983,Suwon Bluewings,https://www.thesportsdb.com/images/media/team/badge/ym5u611579473171.png/small
1960,Swansea City,https://www.thesportsdb.com/images/media/team/badge/8cw6td1686920854.png/small
1934,Swindon Town,https://www.thesportsdb.com/images/media/team/badge/uwsyup1424033445.png/small
111400,Sydney,https://www.thesportsdb.com/images/media/team/badge/utgq8z1546110747.png/small
112670,Talleres Córdoba,https://www.thesportsdb.com/images/media/team/badge/vpnbu41564844173.png/small
260,Tenerife,https://www.thesportsdb.com/images/media/team/badge/utuqys1420503958.png/small
570,Ternana,https://www.thesportsdb.com/images/media/team/badge/rr0fli1627416909.png/small
110969,The Strongest,https://www.thesportsdb.com/images/media/team/badge/syfk6e1703003459.png/small
111774,Tianjin Teda,https://www.thesportsdb.com/images/media/team/badge/rjf7dg1619096344.png/small
111715,Tigre,https://www.thesportsdb.com/images/media/team/badge/lh80fx1701423708.png/small
54,Torino,https://www.thesportsdb.com/images/media/team/badge/xxprty1448806802.png/small
111651,Toronto,https://www.thesportsdb.com/images/media/team/badge/rsxyrr1473536512.png/small
18,Tottenham Hotspur,https://www.thesportsdb.com/images/media/team/badge/dfyfhl1604094109.png/small
1809,Toulouse,https://www.thesportsdb.com/images/media/team/badge/17eqox1688449282.png/small
436,Trabzonspor,https://www.thesportsdb.com/images/media/team/badge/43oobe1672951178.png/small
15048,Tranmere Rovers,https://www.thesportsdb.com/images/media/team/badge/ao52xt1626199781.png/small
418,Tromsø,https://www.thesportsdb.com/images/media/team/badge/rryqqv1424052691.png/small
294,Troyes,https://www.thesportsdb.com/images/media/team/badge/swuwpq1426544753.png/small
10029,TSG Hoffenheim,https://www.thesportsdb.com/images/media/team/badge/0gch3d1567621200.png/small
115716,U Craiova 1948,https://www.thesportsdb.com/images/media/team/badge/0z8x321598276796.png/small
111132,UCD,https://www.thesportsdb.com/images/media/team/badge/ej8fr71582565350.png/small
113981,UD Ibiza,https://www.thesportsdb.com/images/media/team/badge/nazw4o1578738963.png/small
55,Udinese,https://www.thesportsdb.com/images/media/team/badge/vwvstr1448806811.png/small
1473,Ulsan,https://www.thesportsdb.com/images/media/team/badge/0wooic1706533767.png/small
110977,Unión Española,https://www.thesportsdb.com/images/media/team/badge/u7uelh1602186082.png/small
112535,Unión La Calera,https://www.thesportsdb.com/images/media/team/badge/7zp5sp1602187752.png/small
111716,Unión Santa Fe,https://www.thesportsdb.com/images/media/team/badge/o70np51644976464.png/small
2014,Union Saint-Gilloise,https://www.thesportsdb.com/images/media/team/badge/gyznyo1602103682.png/small
110975,Universidad Católica,https://www.thesportsdb.com/images/media/team/badge/h2pcuc1602188028.png/small
110751,Universitatea Cluj,https://www.thesportsdb.com/images/media/team/badge/fn9rwv1579794565.png/small
308,Universitatea Craiova,https://www.thesportsdb.com/images/media/team/badge/1jdz2y1579793710.png/small
110750,UTA Arad,https://www.thesportsdb.com/images/media/team/badge/m310bo1638479358.png/small
112126,Värnamo,https://www.thesportsdb.com/images/media/team/badge/j1vlpe1639778697.png/small
920,Vålerenga,https://www.thesportsdb.com/images/media/team/badge/tf4ziz1697194396.png/small
101088,Vélez Sarsfield,https://www.thesportsdb.com/images/media/team/badge/jo98m71517769587.png/small
461,Valencia,https://www.thesportsdb.com/images/media/team/badge/dm8l6o1655594864.png/small
110456,Valenciennes,https://www.thesportsdb.com/images/media/team/badge/tpyrvu1426544822.png/small
101112,Vancouver Whitecaps,https://www.thesportsdb.com/images/media/team/badge/tpwxpy1473536521.png/small
113743,Varberg BoIS,https://www.thesportsdb.com/images/media/team/badge/oarbsw1638046891.png/small
205,Venezia,https://www.thesportsdb.com/images/media/team/badge/95fg4n1656696080.png/small
110501,Verl,https://www.thesportsdb.com/images/media/team/badge/twwtrc1580151923.png/small
110587,VfB Oldenburg,https://www.thesportsdb.com/images/media/team/badge/ryf75v1545866721.png/small
36,VfB Stuttgart,https://www.thesportsdb.com/images/media/team/badge/hmegk11580151967.png/small
160,VfL Bochum 1848,https://www.thesportsdb.com/images/media/team/badge/kag3jy1599821108.png/small
175,VfL Wolfsburg,https://www.thesportsdb.com/images/media/team/badge/pm6wxs1685783759.png/small
1443,Viborg,https://www.thesportsdb.com/images/media/team/badge/uvrpsp1447539333.png/small
300,Viking,https://www.thesportsdb.com/images/media/team/badge/tqgvkm1579294757.png/small
110645,Viktoria Köln,https://www.thesportsdb.com/images/media/team/badge/ilegfp1579106280.png/small
110468,Viktoria Plzeň,https://www.thesportsdb.com/images/media/team/badge/at8i2h1679265942.png/small
483,Villarreal,https://www.thesportsdb.com/images/media/team/badge/vrypqy1473503073.png/small
110902,Villarreal II,https://www.thesportsdb.com/images/media/team/badge/vrypqy1473503073.png/small
1887,Vitória SC,https://www.thesportsdb.com/images/media/team/badge/ursyxy1471877478.png/small
1909,Vitesse,https://www.thesportsdb.com/images/media/team/badge/wrptxp1473534864.png/small
111539,Vizela,https://www.thesportsdb.com/images/media/team/badge/06nfn81596477982.png/small
113182,Voluntari,https://www.thesportsdb.com/images/media/team/badge/fk6ixs1627419392.png/small
110532,Waldhof Mannheim,https://www.thesportsdb.com/images/media/team/badge/7m7f591579106271.png/small
1803,Walsall,https://www.thesportsdb.com/images/media/team/badge/ivjidn1689630099.png/small
111001,Wanderers,https://www.thesportsdb.com/images/media/team/badge/ej3zmf1603301820.png/small
112511,Warta Poznań,https://www.thesportsdb.com/images/media/team/badge/auedar1690791017.png/small
1795,Watford,https://www.thesportsdb.com/images/media/team/badge/rsuswy1448813519.png/small
15040,Wattens,https://www.thesportsdb.com/images/media/team/badge/bn8m201588718269.png/small
492,Wehen Wiesbaden,https://www.thesportsdb.com/images/media/team/badge/8clib21565194003.png/small
111766,Wellington Phoenix,https://www.thesportsdb.com/images/media/team/badge/oegi471515786300.png/small
38,Werder Bremen,https://www.thesportsdb.com/images/media/team/badge/tkvqan1716960454.png/small
109,West Bromwich Albion,https://www.thesportsdb.com/images/media/team/badge/wqjes81579464222.png/small
19,West Ham United,https://www.thesportsdb.com/images/media/team/badge/yutyxs1467459956.png/small
681,Westerlo,https://www.thesportsdb.com/images/media/team/badge/xrxtrq1447620014.png/small
112427,Western Sydney Wanderers,https://www.thesportsdb.com/images/media/team/badge/ej3zmf1603301820.png/small
114023,Western United,https://www.thesportsdb.com/images/media/team/badge/q8lpcc1577967815.png/small
301,Widzew Lodz,https://www.thesportsdb.com/images/media/team/badge/3rkfjd1692596430.png/small
1917,Wigan Athletic,https://www.thesportsdb.com/images/media/team/badge/wtxwyw1448759640.png/small
110974,Wilstermann,https://www.thesportsdb.com/images/media/team/badge/xij8521681104519.png/small
1713,Winterthur,https://www.thesportsdb.com/images/media/team/badge/bimd8z1580926541.png/small
1569,Wisła Płock,https://www.thesportsdb.com/images/media/team/badge/o1n52v1698554231.png/small
111822,Wolfsberger AC,https://www.thesportsdb.com/images/media/team/badge/xcwuqt1568668946.png/small
110,Wolverhampton Wanderers,https://www.thesportsdb.com/images/media/team/badge/hx4lr21723734698.png/small
1947,Wrexham,https://www.thesportsdb.com/images/media/team/badge/ezpymt1675092551.png/small
116361,Wuhan Three Towns,https://www.thesportsdb.com/images/media/team/badge/3c4tq21619033006.png/small
112541,Wuhan Zall,https://www.thesportsdb.com/images/media/team/badge/j32u9u1654266721.png/small
1933,Wycombe Wanderers,https://www.thesportsdb.com/images/media/team/badge/avi3bu1688678934.png/small
900,Young Boys,https://www.thesportsdb.com/images/media/team/badge/9mxdoo1534784569.png/small
894,Zürich,https://www.thesportsdb.com/images/media/team/badge/ouekvr1657983777.png/small
110749,Zagłębie Lubin,https://www.thesportsdb.com/images/media/team/badge/7n07qf1702990302.png/small
15005,Zulte-Waregem,https://www.thesportsdb.com/images/media/team/badge/6mdsut1695740517.png
110592,Zwickau,https://www.thesportsdb.com/images/media/team/badge/2hf8ai1579106246.png/small
